key,hun,eng
MENU_BUTTON_START,Indítás,Start
MENU_BUTTON_OPTIONS,Beállítások,Settings
MENU_BUTTON_CREDITS,Közreműködők,Credits
MENU_BUTTON_EXIT,Kilépés,Exit
TEXT_LANGUAGE,Nyelv,Language
TEXT_MUSIC,Zene,Music
TEXT_SFX,Hangeffektek,Soundeffects
TEXT_FULLSCREEN,Teljes Képernyő,Fullscreen
TEST_CONVO_1,"***TEST*** Szia, szeretnék kérni egy adag varázsitalt.","***TEST*** Hi, i would like to ask for a potion."
TEST_CONVO_2,***TEST*** Legyen benne Lorem meg Ipsum.,***TEST*** Make sure it has Lorem and Ipsum.
TEST_CONVO_3,"***TEST*** És kérlek siess, az idő pénz.","***TEST*** And please make it quick, time is money."
TEST_CONVO_4,***TEST*** Köszönöm,***TEST*** Thank you.
TEST_CONVO_5,"***TEST*** Ez nem kedv kérdése, akkor is megcsinálod.",***TEST*** I dont care if you want to do it or not. You will make it.
TEST_CHARACTERNAME_CAT,***TEST*** Cica,***TEST*** Cat
